id;date_x;price_x;bedrooms_x;bathrooms_x;sqft_living_x;sqft_lot_x;floors_x;waterfront_x;view_x;condition_x;grade_x;sqft_above_x;sqft_basement_x;yr_built_x;yr_renovated_x;zipcode_x;lat_x;long_x;sqft_living15_x;sqft_lot15_x;vendido_x;ajuste_quartos;vendido_experimento
621069146;20140818T000000;311000;3;1.75;1180;55321;1.0;0;0;3;8;1180;0;1941;2004;98042;473.329;-122.091;1480;56192;0;3.0;1
2976800749;20141031T000000;150000;4;2.0;1460;7254;1.0;0;0;3;6;1460;0;1959;0;98178;475.056;-122.254;1460;7236;0;;0
921059161;20140623T000000;320000;4;1.5;1890;43560;1.0;0;0;4;8;1890;0;1974;0;98092;473.267;-122.166;2376;5820;0;;1
104550580;20140520T000000;260000;4;2.5;1990;6671;2.0;0;0;3;7;1990;0;1989;0;98023;473.078;-122.358;1862;6566;0;;0
3734900110;20150204T000000;230000;2;0.75;890;19703;1.0;0;0;3;6;890;0;1934;0;98045;474.922;-121.783;1270;9800;0;;1
2621400080;20150128T000000;275000;4;2.5;2120;6754;2.0;0;0;3;7;2120;0;1998;0;98030;473.629;-122.184;2120;6937;0;;0
2321300351;20140612T000000;575000;2;1.0;1510;4032;1.5;0;0;3;8;1310;200;1935;0;98199;476.371;-122.393;1700;4042;0;;1
8087800480;20150331T000000;480000;5;2.5;2040;9597;1.0;0;0;4;7;1240;800;1963;0;98052;476.544;-122.134;1800;8553;0;;1
7137960440;20141223T000000;292500;4;2.5;1860;8709;2.0;0;0;3;8;1860;0;1994;0;98092;473.289;-122.17;1990;6825;0;;0
2730500140;20150423T000000;314950;4;1.75;1890;9623;1.0;0;0;4;7;1290;600;1969;0;98001;472.901;-122.279;1510;9711;0;;1
2548100140;20150116T000000;330000;4;1.5;1250;8400;1.0;0;0;3;7;960;290;1951;0;98155;477.505;-122.315;1560;8400;0;;0
1189000030;20140603T000000;650000;5;2.75;2550;5040;1.5;0;0;5;8;2550;0;1902;0;98122;476.136;-122.299;1590;3840;0;;1
2998800125;20140701T000000;730000;2;2.25;2130;4920;1.5;0;4;4;7;1530;600;1941;0;98116;47.573;-122.409;2130;4920;0;;0
7852011070;20150109T000000;1.14e+006;3;3.75;5960;20197;2.0;0;4;3;10;3900;2060;2005;0;98065;475.398;-121.869;3860;12800;0;3.0;1
2473100090;20141202T000000;270000;5;1.5;1930;7480;2.0;0;0;3;7;1930;0;1966;0;98058;474.503;-122.157;1480;7705;0;;1
824059324;20150325T000000;1.45e+006;4;3.5;3720;8301;2.0;0;0;3;10;2880;840;2008;0;98004;475.885;-122.199;2080;9676;0;;0
3438502083;20140612T000000;310000;5;3.0;1880;5000;1.0;0;0;3;7;1100;780;1997;0;98106;475.453;-122.363;1640;5000;0;;1
6083000083;20140611T000000;248000;5;1.5;1510;9078;1.0;0;0;4;7;1510;0;1959;0;98168;474.852;-122.305;1480;9078;0;;0
133000135;20141120T000000;290000;4;1.75;1990;18900;2.0;0;0;4;7;1870;120;1929;0;98168;475.131;-122.313;1710;12400;0;;1
1310900140;20140624T000000;305000;4;2.25;2210;9371;2.0;0;0;4;8;2210;0;1968;0;98032;473.634;-122.279;2300;11584;0;;0
6300000213;20140703T000000;255000;2;1.5;920;1598;2.0;0;0;3;7;920;0;1995;0;98133;477.081;-122.342;1110;1598;0;;1
5316100255;20140904T000000;1,05E+11;3;3.0;2330;3600;2.0;0;0;5;10;1870;460;1927;1979;98112;476.316;-122.282;2950;7200;0;3.0;1
3578401210;20141218T000000;557000;3;1.75;2660;11315;2.0;0;0;4;8;2660;0;1983;0;98074;476.204;-122.044;1980;11315;0;3.0;0
4376700330;20140801T000000;675000;4;2.5;2040;9225;1.0;0;0;5;8;1610;430;1968;0;98052;47.636;-122.097;1730;9225;0;;1
2391600330;20150410T000000;505000;3;1.0;810;5060;1.0;0;0;3;6;810;0;1941;0;98116;475.635;-122.394;900;5060;0;3.0;0
6669100070;20140512T000000;900000;4;3.25;4700;38412;2.0;0;0;3;10;3420;1280;1978;0;98005;476.445;-122.167;3640;35571;0;;1
1402950450;20150415T000000;325000;3;2.5;2040;5472;2.0;0;0;3;8;2040;0;2003;0;98092;473.337;-122.189;2420;5782;0;3.0;0
925059311;20140722T000000;810000;4;2.5;2910;6555;2.0;0;0;3;9;2910;0;2005;0;98033;476.659;-122.172;2910;10419;0;;1
2821079081;20141010T000000;590000;4;2.0;2490;339332;1.0;0;0;3;8;2490;0;2002;0;98022;472.725;-121.929;1910;129373;0;;1
1105000015;20140609T000000;417000;2;1.0;920;6600;1.0;0;0;3;6;920;0;1919;2003;98118;475.452;-122.27;1510;5944;0;;0
8682220230;20141017T000000;779950;2;2.5;2680;7625;1.0;0;0;3;9;2680;0;2002;0;98053;477.094;-122.024;2310;7395;0;;1
4463400195;20140718T000000;170000;3;1.0;1280;21750;1.5;0;0;5;6;1280;0;1912;0;98001;473.096;-122.241;1520;21750;0;3.0;0
1336300445;20150422T000000;1,27E+09;4;3.0;3130;2646;2.5;0;0;5;9;2290;840;1906;0;98102;476.272;-122.316;2920;4500;0;;1
952001735;20141004T000000;750000;4;1.75;2100;6613;2.0;0;0;3;8;2100;0;1909;2004;98116;47.567;-122.385;1630;5750;0;;0
5700003221;20141210T000000;1,08E+09;4;2.75;2990;7389;1.5;0;0;4;8;2090;900;1923;0;98144;475.711;-122.284;2510;6157;0;;1
5056500210;20141007T000000;539950;4;2.75;2910;9000;1.0;0;0;4;8;2130;780;1966;0;98006;47.544;-122.176;1970;9000;0;;1
2710600070;20150204T000000;439000;2;1.0;1050;5671;1.0;0;0;3;7;850;200;1949;0;98115;476.767;-122.286;1850;5243;0;;0
5016003146;20140710T000000;958000;4;3.5;1800;6400;2.0;0;2;3;8;1800;0;1984;2011;98112;47.625;-122.3;1700;4736;0;;1
98000060;20140714T000000;1,06E+10;4;4.0;5320;20041;2.0;0;0;3;11;5320;0;2003;0;98075;475.852;-121.966;4640;17268;0;;0
3810000565;20140702T000000;255000;4;2.0;2430;8960;1.0;0;0;3;7;1430;1000;1960;0;98178;474.979;-122.232;2430;8960;0;;1
1447600285;20140609T000000;212500;2;2.0;1030;21712;1.0;0;0;4;6;1030;0;1938;0;98168;474.905;-122.331;1790;9199;0;;0
269001360;20150422T000000;775000;4;1.75;2320;5595;1.0;0;0;3;7;1510;810;1956;0;98199;476.397;-122.388;1840;5596;0;;1
7214770020;20150409T000000;549950;5;2.5;2650;54380;2.0;0;0;3;9;2650;0;1984;0;98077;477.726;-122.081;2560;49044;0;;1
1328330430;20150408T000000;299000;2;1.75;1270;7800;1.0;0;0;4;7;890;380;1981;0;98058;474.438;-122.134;2020;8025;0;;0
2641400290;20141028T000000;349000;4;2.5;1800;7620;2.0;0;0;3;8;1800;0;1995;0;98055;474.346;-122.201;1800;6879;0;;1
5021900265;20140702T000000;659000;4;2.0;2090;10800;1.0;0;0;4;7;2090;0;1951;0;98040;475.759;-122.223;2090;10800;0;;0
1921059303;20150128T000000;275000;4;2.25;2400;17842;2.0;0;0;4;7;2400;0;1973;0;98002;472.866;-122.217;1610;12100;0;;1
3623500135;20150326T000000;800000;3;2.25;2350;10664;1.0;0;1;2;7;1510;840;1952;0;98040;475.743;-122.238;2350;10140;0;3.0;0
8151600470;20140804T000000;121800;2;1.0;940;8384;1.0;0;0;3;5;940;0;1947;0;98146;475.065;-122.364;1290;8384;0;;1
1245002952;20141015T000000;1,20E+11;4;2.5;2770;7800;2.0;0;0;3;10;2770;0;1999;0;98033;47.684;-122.205;2720;10000;0;;1
2826049260;20140620T000000;482500;4;3.0;1630;7626;1.0;0;0;5;7;1110;520;1990;0;98125;477.168;-122.308;1630;8082;0;;0
2122059206;20140513T000000;373000;5;2.5;3001;5710;2.0;0;0;3;8;3001;0;2006;0;98042;473.727;-122.177;2340;5980;0;;1
257000138;20150115T000000;280000;2;1.0;850;16400;1.0;0;0;3;6;850;0;1923;0;98168;474.889;-122.299;1100;14459;0;;0
2026049184;20150320T000000;680000;4;2.5;2440;6581;2.0;0;0;3;8;2440;0;2014;0;98133;477.321;-122.334;1480;7432;0;;1
5437600140;20150110T000000;325000;4;2.5;2240;5105;2.0;0;0;4;8;2240;0;2002;0;98042;473.922;-122.165;1920;5288;0;;0
7752700110;20140618T000000;554000;5;2.25;1870;11411;1.0;0;0;4;8;1170;700;1961;0;98155;477.445;-122.289;2420;10793;0;;1
8691390460;20140616T000000;699850;4;3.5;2690;6164;2.0;0;0;3;9;2690;0;2002;0;98075;47.599;-121.973;2910;5000;0;;1
2624079010;20150429T000000;750000;5;3.5;2990;212137;2.0;0;0;3;8;2450;540;1994;0;98024;475.298;-121.887;1060;69260;0;;0
7856560320;20150317T000000;962000;4;2.25;3320;20100;1.0;0;0;4;8;1810;1510;1981;0;98006;475.566;-122.153;2450;9821;0;;1
826059152;20141117T000000;435000;5;1.0;2170;65340;1.5;0;0;4;7;1670;500;1930;0;98011;477.555;-122.204;3170;12884;0;;0
1795900210;20140518T000000;575550;3;2.5;2060;7475;1.0;0;0;3;8;1440;620;1985;0;98052;477.272;-122.105;2280;8396;0;3.0;1
7986400360;20140717T000000;770000;3;1.5;2160;5000;1.5;0;2;4;8;2160;0;1926;0;98107;476.645;-122.36;1450;4265;0;3.0;0
1778350160;20140710T000000;847700;5;3.25;4230;10260;2.0;0;0;3;10;3860;370;1996;0;98027;475.503;-122.081;2980;10997;0;;1
1778350150;20140811T000000;839000;5;4.0;4280;11307;2.0;0;0;3;10;2710;1570;1996;0;98027;475.503;-122.081;3080;11307;0;;1
7821200375;20150126T000000;432000;2;1.0;960;3235;1.0;0;0;4;7;960;0;1916;0;98103;47.661;-122.344;1290;2069;0;;0
8682262330;20140930T000000;455000;2;1.75;1350;4286;1.0;0;0;3;8;1350;0;2004;0;98053;477.171;-122.033;1440;4839;0;;1
6154900095;20140711T000000;565000;4;1.75;2140;7102;1.0;0;0;4;7;1070;1070;1948;0;98177;477.042;-122.37;1950;7102;0;;0
2767601100;20141027T000000;513000;3;2.0;2090;4000;1.0;0;0;3;7;1480;610;1951;0;98107;476.751;-122.379;1510;5000;0;3.0;1
2524049166;20140918T000000;2.95e+006;5;4.75;6240;47480;1.0;0;3;3;11;4610;1630;2003;0;98040;475.317;-122.233;4170;17668;0;;0
7579200915;20150401T000000;920000;5;4.5;3820;5750;2.0;0;3;3;9;2830;990;2000;0;98116;475.581;-122.385;1750;5750;0;;1
106000320;20141031T000000;401000;2;1.0;840;8100;1.0;0;0;4;7;840;0;1948;0;98177;477.019;-122.366;1100;8220;0;;1
2781260370;20150128T000000;398000;4;2.5;2820;5510;2.0;0;0;3;9;2820;0;2005;0;98038;473.477;-122.024;2820;5510;0;;0
3876200100;20140710T000000;439000;4;2.0;1560;7500;1.0;0;0;4;7;1560;0;1968;0;98034;477.281;-122.181;1730;7500;0;;1
6933600540;20140820T000000;508000;2;1.0;820;5040;1.0;0;0;3;7;820;0;1953;0;98199;476.498;-122.388;1730;5760;0;;0
7137900960;20140625T000000;235000;4;2.0;1570;9415;2.0;0;0;4;7;1570;0;1984;0;98092;473.168;-122.174;1550;8978;0;;1
5089700720;20150127T000000;335000;4;2.25;2400;8592;2.0;0;0;3;8;2400;0;1978;0;98055;474.383;-122.193;2180;8100;0;;0
6639900242;20141003T000000;750000;4;2.5;2850;12429;2.0;0;0;3;9;2850;0;2008;0;98033;476.915;-122.177;2540;12000;0;;1
3904960910;20140917T000000;635000;4;2.5;3050;7238;2.0;0;0;3;8;3050;0;1989;0;98029;475.772;-122.013;2580;7228;0;;1
5466700450;20141015T000000;250000;4;1.75;1860;7350;1.0;0;0;4;7;1090;770;1977;0;98031;473.979;-122.174;1710;7350;0;;0
8691350130;20150204T000000;715000;4;2.5;2927;12171;2.0;0;0;3;10;2927;0;1998;0;98075;475.948;-121.983;2967;12166;0;;1
7170200085;20150327T000000;481203;2;1.0;940;3800;1.0;0;0;3;7;940;0;1929;0;98115;476.798;-122.292;1680;3800;0;;0
8813400165;20140819T000000;675000;4;2.0;1890;5188;1.5;0;0;4;7;1670;220;1940;0;98105;476.633;-122.287;1800;4848;0;;1
7686202730;20140804T000000;200000;2;1.0;830;8000;1.0;0;0;3;6;830;0;1954;0;98198;474.215;-122.318;1300;8000;0;;0
9547205380;20140728T000000;630000;4;2.5;2240;4025;1.0;0;2;3;7;1250;990;1926;2005;98115;476.818;-122.311;1380;3500;0;;1
2426039314;20141201T000000;280000;2;1.5;1190;1265;3.0;0;0;3;7;1190;0;2005;0;98133;477.274;-122.357;1390;1756;0;;1
9808100100;20150202T000000;3,00E+06;5;3.25;5370;14091;2.0;0;0;3;10;3850;1520;1918;2008;98004;476.499;-122.216;2410;12047;0;;0
8929000170;20140616T000000;357186;2;1.75;1210;1040;2.0;0;0;3;8;1210;0;2014;0;98029;475.519;-121.999;1210;1090;0;;1
871001735;20140911T000000;650000;4;2.25;1910;5120;1.0;0;0;3;8;1300;610;1954;0;98199;476.534;-122.409;1810;5153;0;;0
1498303905;20150402T000000;615000;4;1.5;1980;3240;1.5;0;0;4;8;1780;200;1930;0;98144;47.584;-122.294;2250;4000;0;;1
952004875;20140602T000000;661000;4;2.25;1990;4600;1.5;0;2;4;8;1420;570;1932;0;98126;475.638;-122.38;1810;5750;0;;0
4083305085;20140520T000000;1,13E+09;6;3.0;2880;3192;2.0;0;0;4;8;2180;700;1919;0;98103;476.506;-122.332;1870;4533;0;;1
8127700845;20150219T000000;375000;2;1.0;710;4618;1.0;0;1;3;5;710;0;1925;0;98199;47.64;-122.394;1810;4988;0;;1
8078570380;20140605T000000;292000;3;2.5;2490;7666;1.0;0;0;4;7;1490;1000;1989;0;98031;474.022;-122.171;1930;7415;0;3.0;0
3629830250;20141222T000000;637500;4;3.0;2320;4468;2.0;0;0;3;8;2160;160;1999;0;98029;47.546;-122.009;2330;3541;0;;1
8084900160;20150212T000000;2,64E+10;5;4.25;4660;16200;2.0;0;2;3;11;4660;0;2005;0;98004;476.326;-122.216;3340;16200;0;;0
5381000477;20150128T000000;399500;4;2.5;2560;7492;2.0;0;0;3;8;2560;0;2014;0;98188;474.467;-122.287;1260;11541;0;;1
4218400100;20140911T000000;1,87E+09;6;2.75;4460;6952;2.5;0;2;4;10;3460;1000;1930;0;98105;476.626;-122.269;2750;4769;0;;0
2600300110;20141202T000000;555000;4;1.75;2350;6200;1.5;0;0;4;7;1410;940;1946;0;98116;47.559;-122.397;1800;6150;0;;1
625049318;20140804T000000;605000;3;2.0;1820;7626;1.0;0;0;5;7;990;830;1941;0;98103;476.878;-122.342;1390;5904;0;3.0;1
6821102352;20141008T000000;330000;2;1.0;880;1753;2.0;0;0;4;7;880;0;1945;0;98199;476.475;-122.397;1010;1748;0;;0
2754700170;20140804T000000;443500;2;1.0;1330;4140;1.0;0;0;4;7;930;400;1919;1940;98115;476.802;-122.306;1410;5100;0;;1
3876300890;20141211T000000;485000;4;2.75;2560;8956;1.0;0;0;4;7;1500;1060;1968;0;98034;477.278;-122.177;2280;9234;0;;0
2487200875;20141209T000000;604000;4;3.0;1960;5000;1.0;0;0;5;7;1050;910;1965;0;98136;475.208;-122.393;1360;5000;0;;1
3387800380;20140829T000000;215000;4;1.75;1630;8000;1.0;0;0;3;7;1630;0;1959;0;98031;473.948;-122.201;1630;7700;0;;0
2526069095;20140605T000000;955000;4;4.25;5660;193593;2.0;0;0;3;10;4100;1560;2001;0;98019;477.064;-121.981;3620;207141;0;;1
2331550120;20140904T000000;310000;4;2.5;2440;7093;2.0;0;0;3;7;2440;0;1999;0;98030;473.817;-122.204;1860;6072;0;;1
1862400292;20140723T000000;391000;2;1.0;890;5423;1.0;0;0;3;6;890;0;1946;0;98117;476.966;-122.368;1690;5993;0;;0
7214820200;20141107T000000;614000;4;2.25;2880;9996;1.0;0;0;4;8;1920;960;1981;0;98072;477.584;-122.143;2410;10584;0;;1
6046400755;20150511T000000;475000;5;1.75;2020;5100;1.5;0;0;5;7;1320;700;1911;0;98103;476.915;-122.345;1130;5100;0;;0
9206950200;20150310T000000;352000;2;2.5;1320;1957;1.0;0;0;3;8;660;660;2004;0;98106;475.364;-122.365;1420;2198;0;;1
4083303540;20150320T000000;791000;3;1.75;2344;4800;1.5;0;0;4;7;1544;800;1921;0;98103;476.537;-122.335;1770;4200;0;3.0;0
4310702759;20150312T000000;326000;2;1.5;1030;798;3.0;0;0;3;8;1030;0;2008;0;98103;476.975;-122.34;1020;1026;0;;1
9895000040;20140703T000000;399900;2;1.75;1410;1005;1.5;0;0;3;9;900;510;2011;0;98027;475.446;-122.018;1440;1188;0;;1
4045100075;20150325T000000;2.4e+006;4;4.25;4890;15188;2.0;0;2;3;11;3090;1800;1999;0;98040;475.602;-122.227;3470;16201;0;;0
2122059014;20150409T000000;277500;4;2.0;1700;12048;2.0;0;0;3;7;1700;0;1990;0;98030;473.748;-122.186;1960;7650;0;;1
6738700225;20140912T000000;1.03e+006;4;3.25;2830;4000;2.0;0;0;3;9;1910;920;1912;2012;98144;475.845;-122.291;2740;4000;0;;0
6619900120;20141208T000000;670000;5;3.5;3860;9600;1.0;0;3;4;8;2660;1200;1973;0;98034;477.139;-122.223;2440;9600;0;;1
6661200050;20140528T000000;175000;3;1.0;830;2699;1.0;0;0;3;7;830;0;1996;0;98038;473.839;-122.038;1030;3574;0;3.0;0
7524950710;20140919T000000;620000;2;1.75;1680;8187;1.0;0;0;4;8;1680;0;1983;0;98027;475.603;-122.081;2390;7801;0;;1
104530490;20140516T000000;248000;4;3.5;1850;6519;2.0;0;0;3;7;1130;720;1986;0;98023;473.087;-122.354;1280;6664;0;;1
2695600410;20141106T000000;428950;2;1.0;1760;4441;1.0;0;0;3;8;1310;450;1950;0;98126;475.311;-122.381;1350;5748;0;;0
3353401070;20140625T000000;260000;5;2.5;2025;7760;2.0;0;0;3;7;2025;0;2007;0;98001;472.671;-122.256;1664;9000;0;;1
1223049150;20150414T000000;325000;2;1.75;1670;10725;1.0;0;0;3;7;1670;0;1965;0;98178;474.893;-122.229;1600;10725;0;;0
2624089007;20150320T000000;2,00E+09;2;2.5;3900;920423;2.0;0;0;3;12;3900;0;2009;0;98065;475.371;-121.756;2720;411962;0;;1
2680700010;20140724T000000;775000;3;2.5;2070;8473;1.0;0;0;4;8;1250;820;1976;0;98033;476.608;-122.19;2070;9499;0;3.0;0
3324069070;20140707T000000;195000;2;1.0;1190;27007;1.0;0;0;4;5;1190;0;1910;0;98027;47.524;-122.04;1730;12632;0;;1
7986400265;20141029T000000;770000;3;3.0;2370;6000;1.5;0;2;3;8;1340;1030;1926;2003;98107;476.645;-122.358;1350;4500;0;3.0;1
3832061060;20140807T000000;311000;4;2.5;2690;6124;2.0;0;0;3;7;2690;0;2007;0;98042;473.343;-122.058;2300;6002;0;;0
7202331160;20140616T000000;632500;5;2.5;2640;7096;2.0;0;0;3;7;2640;0;2003;0;98053;476.827;-122.038;2640;4850;0;;1
8141200080;20140814T000000;680000;3;2.75;2530;4800;2.0;0;0;4;7;1390;1140;1901;0;98112;476.241;-122.305;1540;4800;0;3.0;0
7454000585;20150427T000000;289000;2;1.0;710;6300;1.0;0;0;3;6;710;0;1942;0;98126;475.155;-122.374;740;6300;0;;1
1561600095;20140514T000000;1,06E+09;4;2.0;2290;11137;1.0;0;0;4;8;2290;0;1955;0;98004;475.887;-122.201;2300;10463;0;;0
4322500055;20150417T000000;607000;5;1.75;1910;5428;1.0;0;0;3;8;1390;520;1954;0;98136;475.333;-122.392;1820;5900;0;;1
3303951600;20140820T000000;369950;4;2.5;1910;10221;2.0;0;0;3;8;1910;0;1994;0;98038;47.381;-122.035;2210;8705;0;;1
3336000230;20150323T000000;230005;2;1.0;1030;6000;1.0;0;0;2;7;830;200;1951;0;98118;475.291;-122.268;1770;5000;0;;0
8944550100;20140723T000000;455000;4;2.5;2090;4400;2.0;0;0;3;8;2090;0;2011;0;98118;475.403;-122.286;2090;3430;0;;1
4420600015;20141006T000000;571500;4;2.25;2810;25990;2.0;0;0;3;8;1860;950;1959;0;98001;472.993;-122.293;2020;16140;0;;0
8935100100;20140701T000000;476000;4;3.0;2890;6885;1.0;0;0;3;7;1590;1300;1945;2015;98115;476.763;-122.282;2180;6885;0;;1
3343901440;20150511T000000;379000;4;1.75;2180;7876;1.0;0;0;4;7;1290;890;1977;0;98056;475.157;-122.191;1960;7225;0;;0
5457300478;20150513T000000;453500;2;1.75;1000;1760;1.0;0;0;4;6;600;400;1924;0;98109;476.261;-122.355;2120;2802;0;;1
1822500160;20141212T000000;356500;4;2.5;2570;11473;2.0;0;0;3;8;2570;0;2008;0;98003;472.809;-122.296;2430;5997;0;;1
1721801161;20141030T000000;236000;4;2.5;1630;3060;2.0;0;0;3;7;1630;0;2003;0;98146;475.072;-122.336;1270;4590;0;;0
1524079188;20140729T000000;1,86E+09;4;5.25;5240;320917;2.0;0;2;3;10;5240;0;2006;0;98024;475.605;-121.905;1930;68824;0;;1
538000190;20150213T000000;334950;4;2.5;2230;5500;2.0;0;0;3;7;2230;0;1999;0;98038;473.533;-122.023;1910;5500;0;;0
2130701535;20150204T000000;279900;2;1.75;1360;10000;1.0;0;0;3;6;1360;0;1957;1989;98019;477.421;-121.982;1430;10000;0;;1
5015001045;20140826T000000;1,05E+09;4;3.0;3560;4000;3.0;0;2;3;9;2970;590;1996;0;98112;476.265;-122.3;1190;4000;0;;0
1737100830;20150205T000000;577000;4;2.25;2360;7490;2.0;0;0;3;8;2360;0;1979;0;98033;476.988;-122.169;2360;7490;0;;1
9277700075;20140818T000000;355000;3;1.0;840;6720;1.0;0;0;3;7;840;0;1952;0;98116;475.707;-122.396;1250;6720;0;3.0;1
7199340620;20140604T000000;532000;4;1.75;2020;7029;1.0;0;0;4;7;1430;590;1979;0;98052;476.983;-122.127;1780;7200;0;;0
9117000170;20150505T000000;268643;4;2.25;1810;9240;2.0;0;0;3;7;1810;0;1961;0;98055;474.362;-122.187;1660;9240;0;;1
6600790210;20140716T000000;228000;3;1.0;1800;9236;1.0;0;0;3;7;1800;0;1954;0;98030;473.792;-122.198;1730;5701;0;3.0;0
293760210;20140826T000000;998000;5;4.5;4130;10404;2.0;0;0;3;10;4130;0;2004;0;98029;475.556;-122.03;3890;11531;0;;1
9542801120;20150327T000000;278100;4;1.75;2120;8520;1.0;0;0;3;7;1600;520;1978;0;98023;47.302;-122.373;2160;8400;0;;0
7537300210;20150128T000000;580000;2;1.5;1460;5700;1.5;0;0;3;7;1460;0;1912;0;98115;476.838;-122.312;1780;3800;0;;1
9542000030;20140722T000000;835100;4;2.5;2380;12573;1.0;0;0;4;9;2380;0;1963;0;98005;475.984;-122.176;2900;10700;0;;1
259600890;20141002T000000;480000;4;1.75;1920;9380;1.0;0;0;3;7;1920;0;1964;0;98008;476.344;-122.118;1580;8580;0;;0
7895500550;20150319T000000;190848;4;1.5;1370;7904;1.0;0;0;3;7;900;470;1970;0;98001;473.344;-122.28;1370;7900;0;;1
4053200566;20141020T000000;425000;4;2.25;3680;26266;2.0;0;0;4;9;3680;0;1981;0;98042;473.219;-122.085;2340;19939;0;;0
1125079088;20150402T000000;455000;3;1.0;1330;92782;1.0;0;0;2;6;1330;0;1950;0;98014;476.624;-121.868;1280;168141;0;3.0;1
2770604925;20140715T000000;1.3e+006;3;1.0;1670;6400;1.5;0;0;3;8;1670;0;1919;0;98119;476.542;-122.373;1910;2983;0;3.0;0
7905370440;20141010T000000;469950;5;2.5;2310;8303;1.0;0;0;3;7;1300;1010;1975;0;98034;477.212;-122.211;1930;8303;0;;1
6705600020;20150324T000000;919990;5;3.25;3960;6352;2.0;0;0;3;10;3960;0;2014;0;98075;475.806;-122.055;2930;9875;0;;1
4399200245;20140625T000000;276000;3;2.25;2460;11250;1.0;0;0;4;8;2460;0;1959;0;98002;473.182;-122.212;1630;10216;0;3.0;0
4221250320;20141017T000000;570000;4;2.5;2280;4534;2.0;0;0;3;8;2280;0;2003;0;98075;475.902;-122.018;2246;4534;0;;1
6204430250;20141121T000000;585000;5;2.25;2480;12614;1.0;0;0;4;8;1860;620;1979;0;98011;477.393;-122.2;2470;12392;0;;0
2815600235;20150402T000000;450600;2;1.0;840;7020;1.5;0;0;4;7;840;0;1943;0;98136;475.513;-122.394;1310;7072;0;;1
7203102080;20141217T000000;305000;2;1.0;1290;3140;2.0;0;0;3;7;1290;0;2008;0;98053;476.971;-122.026;1290;2628;0;;0
273800100;20141219T000000;239900;4;1.75;1480;9523;1.0;0;0;3;7;1120;360;1959;0;98030;473.732;-122.217;1590;8300;0;;1
2424059170;20150219T000000;900000;5;6.0;7120;40806;2.0;0;4;3;12;5480;1640;2007;0;98006;475.451;-122.114;3440;36859;0;;1
425049181;20140912T000000;350000;2;1.5;1070;937;3.0;0;0;3;8;1070;0;2003;0;98115;476.761;-122.3;1100;3200;0;;0
9264910280;20150422T000000;280500;4;2.75;2660;7754;1.5;0;0;3;8;1590;1070;1986;0;98023;473.078;-122.337;2250;7754;0;;1
5255690160;20141009T000000;439000;3;2.25;2240;8300;2.0;0;0;3;8;2240;0;1978;0;98011;477.746;-122.197;2340;8500;0;3.0;0
7849200635;20140630T000000;235000;2;1.0;900;28800;1.0;0;0;1;6;900;0;1928;0;98065;475.245;-121.822;1360;7200;0;;1
9828201745;20150504T000000;615000;2;1.5;880;2400;1.5;0;0;3;7;880;0;1929;0;98122;476.144;-122.295;1220;4440;0;;0
5631500866;20140506T000000;563000;4;3.0;3100;15480;2.0;0;0;3;8;2400;700;1996;0;98028;477.466;-122.241;2000;42500;0;;1
222069082;20141217T000000;300000;2;1.0;1220;75794;1.0;0;0;4;7;1220;0;1963;0;98038;474.219;-122.007;2010;98010;0;;1
8682261650;20140710T000000;554000;2;2.0;1670;4996;1.0;0;0;3;8;1670;0;2004;0;98053;477.141;-122.031;1670;4996;0;;0
1995200245;20140606T000000;545000;4;2.5;2040;6034;2.0;0;0;3;7;2040;0;1990;0;98115;476.952;-122.323;1380;5986;0;;1
7986400945;20141010T000000;775000;2;1.0;1010;3600;1.0;0;0;3;7;1010;0;1913;0;98107;476.641;-122.357;1540;3600;0;;0
3629200020;20150202T000000;960000;4;2.5;3180;10105;2.0;0;0;4;9;3180;0;1986;0;98040;475.328;-122.226;2670;10355;0;;1
9828702513;20140506T000000;460000;2;2.25;1230;929;2.0;0;0;3;8;1020;210;2004;0;98122;476.191;-122.301;1270;1370;0;;0
2768200209;20141006T000000;529950;2;2.5;1500;1174;2.0;0;0;3;8;1140;360;2014;0;98107;476.689;-122.363;1550;1519;0;;1
2909310100;20141015T000000;332000;4;2.5;2380;5737;2.0;0;0;3;7;2380;0;2010;0;98023;472.815;-122.356;2380;5396;0;;1
2767603608;20141002T000000;405000;3;1.5;1170;1274;3.0;0;0;3;8;1170;0;2001;0;98107;476.719;-122.381;1290;1308;0;3.0;0
1186000125;20140509T000000;742500;4;2.75;3100;3773;2.0;0;0;3;8;2000;1100;1919;1996;98122;476.158;-122.291;2130;3777;0;;1
2770602493;20141120T000000;455000;2;2.0;1350;1209;3.0;0;0;3;8;1350;0;2013;0;98199;47.649;-122.383;1310;982;0;;0
9510300130;20140628T000000;598000;4;2.5;3130;40918;2.0;0;0;3;9;3130;0;1994;0;98045;474.761;-121.723;2760;35440;0;;1
4038700930;20141113T000000;630000;4;2.5;2100;8800;1.0;0;2;4;7;1240;860;1960;0;98008;476.146;-122.114;2000;8800;0;;0
1338600225;20140528T000000;1.97e+006;8;3.5;4440;6480;2.0;0;3;5;10;3140;1300;1959;0;98112;47.631;-122.303;4440;8640;0;;1
3512100050;20150224T000000;139000;4;1.5;1410;10648;1.0;0;0;4;7;1410;0;1966;0;98030;473.736;-122.188;1410;10522;0;;1
2916200091;20150303T000000;734000;4;2.5;2180;7204;2.0;0;0;3;8;2180;0;2014;0;98133;477.221;-122.352;1500;7650;0;;0
1328330590;20150420T000000;346500;5;2.5;2020;8250;1.0;0;0;4;8;1430;590;1978;0;98058;474.432;-122.135;1680;8959;0;;1
6840700165;20140701T000000;202000;1;1.0;590;833;1.0;0;0;4;7;590;0;1926;0;98122;476.082;-122.299;780;1617;0;;0
4141000060;20141205T000000;1,23E+10;4;2.5;3180;10319;2.0;0;0;4;11;3180;0;1986;0;98040;475.372;-122.232;3130;12120;0;;1
8651720150;20140721T000000;492500;4;2.75;2760;18306;1.0;0;0;3;7;1630;1130;1978;0;98034;477.302;-122.215;2470;9856;0;;0
7785000130;20150330T000000;926250;4;1.75;2390;17717;1.0;0;0;4;8;2390;0;1964;0;98040;475.755;-122.218;2390;10730;0;;1
5458300580;20141001T000000;478000;2;2.0;1200;1867;1.0;0;0;3;7;600;600;1924;1998;98109;47.627;-122.345;1790;2221;0;;1
3530410081;20140626T000000;216500;3;1.75;1390;4482;1.0;0;0;4;8;1390;0;1980;0;98198;473.785;-122.32;1390;4680;0;3.0;0
7549802600;20140528T000000;335000;4;2.0;1480;3132;1.0;0;0;5;6;740;740;1910;0;98108;47.55;-122.312;1480;6420;0;;1
3426049031;20140617T000000;870000;4;4.25;3010;4887;2.0;0;3;4;10;1940;1070;1951;1996;98115;476.933;-122.272;2540;9375;0;;0
9459200110;20140610T000000;315000;2;1.0;1740;3622;1.0;0;0;4;7;950;790;1924;0;98118;475.541;-122.29;1270;3800;0;;1
1377800277;20141215T000000;696000;6;3.25;2900;6400;2.0;0;0;4;8;2300;600;1977;0;98199;476.464;-122.401;2480;6400;0;;0
866400040;20141013T000000;540000;3;3.0;2570;5590;1.0;0;0;3;8;1580;990;2009;0;98034;477.271;-122.228;2020;10500;0;3.0;1
4457300005;20150325T000000;1,84E+10;4;3.25;4140;11007;2.0;0;0;3;10;4140;0;2013;0;98040;475.707;-122.217;2150;9663;0;;1
8069000075;20141229T000000;790000;4;1.75;2460;10061;1.0;1;4;3;7;1410;1050;1961;0;98178;475.105;-122.238;2300;10061;0;;0
7212651210;20141106T000000;320000;3;2.75;2150;9163;1.0;0;0;3;8;1340;810;1992;0;98003;47.266;-122.307;2260;7750;0;3.0;1
8062900070;20140909T000000;272000;5;1.5;2550;6300;1.0;0;0;4;7;1560;990;1959;0;98056;475.014;-122.172;1380;6300;0;;0
4363700365;20140801T000000;429000;4;2.5;2100;7920;1.5;0;0;4;6;1400;700;1916;0;98126;475.293;-122.371;1230;7920;0;;1
5363200180;20140515T000000;640000;4;2.0;2560;7798;1.0;0;0;4;7;1890;670;1947;0;98115;476.914;-122.296;1330;7798;0;;0
8081500050;20150302T000000;1.81e+006;5;2.5;4250;20441;1.0;0;1;4;11;2490;1760;1984;0;98004;476.377;-122.211;3620;16304;0;;1
7695450010;20140522T000000;604700;4;2.75;2750;14982;1.0;0;3;3;9;1720;1030;1981;0;98198;473.566;-122.32;2860;16344;0;;1
6873000190;20150311T000000;656000;2;2.5;2270;1763;3.0;0;0;3;7;1820;450;2009;0;98052;476.757;-122.121;2180;1763;0;;0
2658000373;20150122T000000;305000;3;2.0;1610;6250;1.0;0;0;4;7;1610;0;1952;0;98118;475.293;-122.271;1310;6000;0;3.0;1
3432500765;20140612T000000;320000;2;1.0;1100;8281;1.0;0;0;4;7;1100;0;1947;0;98155;477.414;-122.315;1510;8281;0;;0
9297301505;20140509T000000;536500;4;1.75;2000;4000;1.5;0;0;5;7;1450;550;1926;0;98126;475.659;-122.375;1430;4000;0;;1
254000175;20140819T000000;325000;2;1.0;1050;4800;1.0;0;0;4;7;1050;0;1969;0;98146;475.128;-122.388;1230;4800;0;;0
9578500690;20150327T000000;430236;4;3.25;3444;5166;2.0;0;0;3;8;2714;730;2014;0;98023;472.966;-122.348;2848;5182;0;;1
3260000570;20150210T000000;735000;4;3.0;2250;7245;1.0;0;0;4;7;1250;1000;1963;0;98005;476.045;-122.169;1960;7245;0;;1
8150600250;20141217T000000;649000;4;2.5;2730;4847;2.0;0;0;3;9;2730;0;2008;0;98126;47.549;-122.374;1250;4840;0;;0
7334501410;20141121T000000;299500;4;2.25;1600;15312;1.0;0;0;4;7;1080;520;1979;0;98045;474.629;-121.743;1620;12375;0;;1
9141100073;20140826T000000;500000;4;2.5;2040;6685;2.0;0;0;3;8;2040;0;1998;0;98133;477.413;-122.354;1890;8253;0;;0
1222069133;20150224T000000;415000;4;2.5;2210;213008;1.0;0;0;4;7;1210;1000;1975;0;98038;474.039;-121.98;2270;52707;0;;1
8682281480;20140725T000000;592500;2;2.0;1870;4751;1.0;0;0;3;8;1870;0;2006;0;98053;477.082;-122.015;2170;5580;0;;0
9542300530;20141124T000000;800000;4;2.25;2510;9963;1.0;0;0;4;9;2200;310;1967;0;98005;475.973;-122.177;3110;9963;0;;1
1150000400;20140721T000000;700000;3;2.5;2440;7491;2.0;0;0;4;10;2440;0;1988;0;98029;47.561;-122.019;2490;8580;0;3.0;1
1823069088;20150504T000000;492000;2;1.75;1300;22239;1.0;0;0;4;7;1300;0;1945;1986;98059;474.801;-122.092;1300;14810;0;;0
2624059036;20141003T000000;1,60E+11;5;4.5;5130;43123;2.0;0;0;3;11;5130;0;1996;0;98006;47.544;-122.126;4670;43560;0;;1
8682310460;20140709T000000;498800;2;1.75;1350;4614;1.0;0;0;3;8;1350;0;2008;0;98053;477.091;-122.015;1680;4775;0;;0
254000020;20140605T000000;453500;4;1.75;2000;6032;1.0;0;2;3;7;1300;700;1959;0;98146;475.132;-122.389;1930;6032;0;;1
7883603945;20140715T000000;400000;5;1.75;2300;6720;2.0;0;0;3;7;2300;0;1905;0;98108;47.528;-122.32;1200;6000;0;;0
6431000015;20140530T000000;700000;4;2.5;2310;3570;1.5;0;0;3;7;1490;820;1927;2014;98103;476.889;-122.347;1580;3060;0;;1
7215720410;20150415T000000;726888;5;3.0;2970;7261;2.0;0;0;3;9;2970;0;1999;0;98075;475.994;-122.019;2970;8437;0;;1
1924079091;20150113T000000;460000;4;2.0;1960;190357;1.0;0;3;2;8;1960;0;1971;0;98027;475.538;-121.958;2560;189100;0;;0
6118600045;20140825T000000;350000;4;2.0;2060;13400;1.0;0;2;4;8;2060;0;1957;0;98166;474.404;-122.34;1950;10370;0;;1
1786200010;20150514T000000;456500;4;2.5;2580;11780;2.0;0;0;3;9;2580;0;2003;0;98038;473.658;-122.04;2410;8403;0;;0
8085400401;20150115T000000;1,90E+09;4;4.5;4020;9656;2.0;0;0;3;10;4020;0;2007;0;98004;476.358;-122.207;1960;9520;0;;1
3299600120;20140718T000000;698000;4;2.5;2990;7231;2.0;0;0;3;9;2990;0;2001;0;98075;475.623;-122.032;3160;8339;0;;0
6819100040;20140624T000000;631500;2;1.0;1130;2640;1.0;0;0;4;8;1130;0;1927;0;98109;476.438;-122.357;1680;3200;0;;1
7686203620;20140925T000000;260000;4;2.5;2050;12500;1.0;0;0;3;7;1300;750;1965;0;98198;47.42;-122.319;1790;7900;0;;1
3080000040;20140515T000000;495000;3;2.0;2050;4000;1.5;0;0;5;7;1210;840;1941;0;98144;475.799;-122.306;1310;4000;0;3.0;0
6696800030;20140923T000000;650000;4;2.5;2290;10186;2.0;0;0;3;8;2290;0;1985;0;98008;476.353;-122.124;2150;10186;0;;1
7504000290;20140522T000000;635700;3;2.5;3240;13978;1.0;0;0;3;9;1860;1380;1977;0;98074;476.298;-122.057;3150;12767;0;3.0;0
8813400345;20150414T000000;575000;2;1.0;980;3663;1.0;0;0;5;7;980;0;1909;0;98105;476.645;-122.288;1620;3706;0;;1
1152700020;20141226T000000;370000;4;2.5;2650;5706;2.0;0;0;3;9;2650;0;2005;0;98042;473.515;-122.164;2760;5749;0;;0
1561930020;20140522T000000;430000;4;3.0;3220;8936;2.0;0;0;3;9;2450;770;1990;0;98031;474.208;-122.213;2810;10500;0;;1
3330501975;20141117T000000;475000;3;2.0;2040;6180;2.0;0;0;4;7;2040;0;1908;0;98118;475.503;-122.28;1870;4365;0;3.0;1
6448000100;20140617T000000;1,73E+09;4;3.0;3700;20570;1.0;0;0;4;10;1850;1850;1976;0;98004;476.212;-122.224;3080;17595;0;;0
2253200010;20150507T000000;390000;5;2.0;2400;9537;1.0;0;0;5;7;1210;1190;1959;0;98056;475.112;-122.186;1760;9533;0;;1
3528000260;20141111T000000;915000;3;2.5;3510;28052;2.0;0;0;3;10;3510;0;1988;0;98053;476.671;-122.057;2890;28295;0;3.0;0
7228500415;20140826T000000;480000;4;2.25;2520;2370;2.0;0;0;3;8;1690;830;1908;0;98122;476.109;-122.303;1530;2370;0;;1
1727001300;20140609T000000;1.9e+006;4;3.25;4130;112521;2.0;0;0;3;11;4130;0;1978;0;98005;476.392;-122.165;3140;26147;0;;0
7943000020;20150326T000000;183000;3;1.0;760;7272;1.0;0;0;4;7;760;0;1980;0;98003;473.205;-122.33;1370;7866;0;3.0;1
2724049222;20141201T000000;220000;2;2.5;1000;1092;2.0;0;0;3;7;990;10;2004;0;98118;475.419;-122.271;1330;1466;0;;1
986000045;20141007T000000;240000;4;1.75;2020;10332;1.0;0;0;3;7;1010;1010;1954;0;98168;475.059;-122.303;2240;8379;0;;0
7977201865;20150421T000000;525000;2;1.0;1360;6120;1.0;0;0;3;7;1060;300;1947;0;98115;476.841;-122.291;1800;5100;0;;1
3812400070;20150506T000000;435000;5;1.0;1410;6750;1.5;0;0;3;6;1410;0;1929;0;98118;475.453;-122.278;1360;6750;0;;0
7197800020;20150427T000000;585000;4;2.5;2250;4119;2.0;0;0;3;8;2250;0;2001;0;98075;475.973;-122.034;2290;3115;0;;1
1591600044;20141010T000000;409000;4;3.25;3140;10752;2.0;0;0;3;7;2300;840;1992;0;98146;475.022;-122.363;1300;9920;0;;0
240000269;20150124T000000;530000;4;4.5;4060;10800;2.0;0;0;3;10;4060;0;2007;0;98188;474.241;-122.29;1830;9768;0;;1
1139000035;20150305T000000;759950;4;3.5;2100;7560;2.0;0;0;5;8;2100;0;2005;0;98133;477.076;-122.356;1250;7560;0;;1
1400300055;20150428T000000;425000;2;1.0;770;5040;1.0;0;0;3;5;770;0;1930;0;98144;475.964;-122.299;1330;2580;0;;0
1024069027;20140723T000000;1,14E+11;4;3.25;3740;11467;2.0;0;0;3;10;3740;0;2014;0;98029;47.581;-122.022;2510;27520;0;;1
5494000040;20141201T000000;1,44E+09;4;2.75;2660;9547;1.0;0;1;3;8;1930;730;1968;2006;98004;47.616;-122.218;2410;10001;0;;0
3295610200;20140625T000000;770000;4;2.5;3920;12415;2.0;0;0;3;10;3920;0;1997;0;98075;475.658;-122.032;3639;12805;0;;1
8071000050;20141113T000000;270000;2;1.0;1040;5700;1.0;0;0;3;6;1040;0;1922;0;98118;47.519;-122.26;1380;5700;0;;0
7905380380;20141209T000000;348500;4;1.75;1870;7575;1.0;0;0;3;7;1480;390;1972;0;98034;477.205;-122.218;1670;7575;0;;1
7950302121;20140716T000000;289000;2;1.5;1010;1309;2.0;0;0;3;7;860;150;2007;0;98118;475.659;-122.286;1190;3060;0;;1
6613001241;20140811T000000;1,42E+09;4;3.0;3110;4408;2.5;0;3;4;10;2510;600;1931;0;98105;476.583;-122.27;3250;5669;0;;0
1235100371;20140717T000000;580000;5;2.75;3550;9600;2.0;0;0;3;7;3550;0;1960;0;98033;476.766;-122.186;3370;9600;0;;1
7696300080;20140914T000000;340000;4;1.75;1900;7313;1.0;0;0;3;7;1900;0;1973;0;98034;477.311;-122.232;1420;7384;0;;0
8122100235;20150413T000000;435000;2;1.0;960;6250;1.0;0;0;4;6;740;220;1940;0;98126;475.378;-122.375;1090;6000;0;;1
243000335;20140929T000000;305000;4;1.0;1560;8450;1.5;0;0;4;6;1560;0;1954;0;98166;474.552;-122.354;1380;8100;0;;0
3057000400;20140708T000000;249000;3;1.5;1090;2686;2.0;0;0;3;7;1090;0;1982;0;98034;47.717;-122.19;1160;2158;0;3.0;1
387000190;20150430T000000;535000;4;2.5;2240;6920;1.0;0;0;5;8;1380;860;1974;0;98146;475.011;-122.375;1540;7000;0;;1
1442880510;20140530T000000;499431;4;2.75;2620;6019;2.0;0;0;3;8;2620;0;2013;0;98045;47.484;-121.771;2790;6716;0;;0
9542100085;20141028T000000;940000;4;2.25;2800;18673;1.0;0;0;5;9;1650;1150;1965;0;98005;475.893;-122.177;2800;15300;0;;1
1137450120;20140729T000000;487500;4;2.5;2810;6296;2.0;0;0;3;9;2810;0;2013;0;98059;475.019;-122.151;2850;6140;0;;0
7272001610;20150317T000000;397000;4;2.5;2201;9542;2.0;0;0;3;8;2201;0;2006;0;98198;474.002;-122.317;1990;9542;0;;1
3352402250;20141021T000000;119900;2;1.0;700;3180;1.0;0;0;3;6;480;220;1951;0;98178;474.976;-122.262;1760;6360;0;;0
626059335;20140904T000000;527000;4;2.25;2330;19436;2.0;0;0;3;8;2330;0;1987;0;98011;477.663;-122.215;1910;10055;0;;1
1438000390;20140804T000000;469995;4;2.5;2350;3800;2.0;0;0;3;8;2350;0;2014;0;98059;474.783;-122.123;2670;4180;0;;1
3055800020;20150310T000000;419950;4;1.0;1530;7920;1.0;0;0;3;7;1030;500;1955;0;98166;474.544;-122.36;1690;7920;0;;0
3275300440;20141120T000000;230000;2;2.0;1260;10200;1.0;0;0;3;7;1020;240;1983;0;98003;472.593;-122.312;1560;10200;0;;1
6002400030;20140814T000000;324950;4;1.75;2320;9240;1.0;0;0;3;7;1160;1160;1959;2014;98178;474.909;-122.257;2130;7320;0;;0
1437580480;20140918T000000;994000;5;3.25;4260;7861;2.0;0;0;3;10;4260;0;2005;0;98074;47.611;-121.992;4020;7528;0;;1
2560803248;20140709T000000;270000;4;2.5;1660;8063;1.0;0;0;4;7;1660;0;1978;0;98198;473.761;-122.32;1060;8437;0;;0
7853340860;20150310T000000;420000;2;2.75;1760;4139;2.0;0;0;3;8;1760;0;2010;0;98065;475.175;-121.878;1870;3076;0;;1
9550202730;20141014T000000;509250;2;1.5;1480;3120;1.0;0;0;3;7;930;550;1914;2007;98105;476.684;-122.323;1000;3780;0;;1
9232400055;20140917T000000;279200;1;1.0;640;6350;1.0;0;0;3;5;640;0;1939;0;98117;476.976;-122.359;1270;6350;0;;0
3445000005;20141117T000000;237600;2;1.0;1370;11584;1.0;0;0;4;6;1370;0;1950;0;98198;474.224;-122.293;1330;8012;0;;1
7202340010;20150224T000000;671300;4;2.5;3280;5232;2.0;0;0;3;7;3280;0;2004;0;98053;476.798;-122.033;2600;5080;0;;0
5700000975;20140819T000000;860000;5;1.75;2510;6000;1.5;0;0;5;8;2010;500;1920;0;98144;475.798;-122.292;2240;5000;0;;1
5652601155;20150415T000000;564000;4;1.75;1960;6138;1.0;0;0;4;7;1260;700;1960;0;98115;476.968;-122.299;2000;7057;0;;0
2143700830;20141006T000000;207000;4;2.5;2100;19680;1.5;0;0;3;6;2100;0;1914;0;98055;474.787;-122.23;1340;12300;0;;1
1121000414;20140927T000000;750000;4;2.75;3150;6343;1.0;0;3;3;8;1810;1340;1976;0;98126;475.424;-122.381;2250;6343;0;;1
6073300530;20150428T000000;529950;4;2.75;1860;7500;1.0;0;0;5;8;1220;640;1967;0;98056;475.398;-122.173;2020;8137;0;;0
5727500006;20150427T000000;679990;4;2.75;3320;8653;2.0;0;0;3;8;3320;0;2014;0;98133;477.521;-122.334;2140;8727;0;;1
7754900280;20140623T000000;322200;4;2.25;2010;19000;2.0;0;0;4;8;2010;0;1975;0;98042;473.734;-122.119;1950;19626;0;;0
8011100050;20150508T000000;350000;2;1.0;1220;28703;1.0;0;0;4;7;1220;0;1953;0;98056;474.952;-122.172;2740;6720;0;;1
3649100306;20140506T000000;379900;4;1.75;1500;11600;1.0;0;0;4;7;1000;500;1955;0;98028;477.373;-122.241;1740;11600;0;;0
293600080;20140617T000000;280000;4;2.25;1930;7207;1.0;0;0;4;7;1360;570;1988;0;98030;473.783;-122.182;1760;7207;0;;1
2206500110;20140905T000000;508450;3;1.75;1520;9600;1.0;0;0;4;7;1000;520;1955;0;98006;475.763;-122.154;1510;9000;0;3.0;1
4054530260;20140627T000000;1.82e+006;4;4.5;6640;53330;2.0;0;0;3;12;6640;0;1993;0;98077;477.283;-122.046;4620;68625;0;;0
5104510720;20141210T000000;360000;4;2.5;2000;5500;2.0;0;0;3;8;2000;0;2003;0;98038;473.552;-122.014;2000;5512;0;;1
1921059310;20150320T000000;193000;2;1.75;1280;6774;1.0;0;0;3;7;1280;0;1991;0;98002;472.925;-122.219;1450;7810;0;;0
7852010510;20150424T000000;585000;3;2.5;2910;6250;2.0;0;0;3;8;2910;0;1999;0;98065;47.538;-121.87;2550;6250;0;3.0;1
2386000020;20141008T000000;885000;4;2.25;4470;86225;2.0;0;0;3;10;4470;0;1991;0;98053;476.377;-121.985;3850;97049;0;;0
2473350710;20141027T000000;390000;3;1.75;2330;8364;1.0;0;0;4;8;2330;0;1968;0;98058;474.568;-122.146;2180;9630;0;3.0;1
4389200765;20140625T000000;2.3e+006;4;3.25;4250;8570;2.0;0;0;3;9;4250;0;2004;0;98004;476.154;-122.21;2830;12821;0;;1
9264902050;20141121T000000;315000;6;2.75;2940;7350;1.0;0;0;3;8;1780;1160;1978;0;98023;473.103;-122.339;2120;8236;0;;0
4309700190;20140724T000000;725000;4;2.5;3300;28433;2.0;0;0;3;9;3300;0;1998;0;98059;475.072;-122.112;3550;26386;0;;1
9544200422;20140731T000000;1,27E+11;4;2.75;3820;8850;2.0;0;0;3;10;3820;0;2014;0;98033;476.506;-122.195;2330;12000;0;;0
7237450080;20140823T000000;362865;4;2.5;2245;4301;2.0;0;0;3;8;2245;0;2014;0;98038;473.555;-122.063;2530;4478;0;;1
4237900645;20141010T000000;475000;2;1.75;1320;3420;1.0;0;1;3;7;1080;240;1955;0;98199;476.639;-122.399;2070;6000;0;;0
7635800600;20140626T000000;365000;5;2.0;2280;19000;1.5;0;0;3;6;2280;0;1924;0;98166;474.683;-122.359;1790;11800;0;;1
9834201215;20141009T000000;276000;3;1.0;870;2676;1.0;0;0;3;7;820;50;2004;0;98144;475.702;-122.287;1500;1719;0;3.0;1
2085700050;20140826T000000;420000;4;2.5;2480;8626;2.0;0;0;3;10;2480;0;2001;0;98001;473.185;-122.262;2990;9033;0;;0
8644400040;20140729T000000;605000;3;2.25;2510;31584;2.0;0;0;4;9;2510;0;1979;0;98074;476.153;-122.054;2510;39221;0;3.0;1
3905120330;20141110T000000;575000;4;2.5;2040;5508;2.0;0;0;4;8;2040;0;1996;0;98029;475.719;-122.007;2130;5496;0;;0
7312100010;20150302T000000;410000;4;2.5;2240;4447;2.0;0;0;3;7;2240;0;2006;0;98059;474.868;-122.159;2000;3800;0;;1
1982201345;20140502T000000;440000;2;1.0;800;4850;1.0;0;0;4;7;800;0;1944;0;98107;476.639;-122.364;1150;4365;0;;0
686530020;20140609T000000;627000;4;2.0;2030;9300;1.0;0;0;4;8;2030;0;1976;0;98052;476.658;-122.149;1800;9018;0;;1
6421100502;20140915T000000;695000;5;3.0;3290;14134;1.0;0;0;3;7;1870;1420;2004;0;98052;476.708;-122.14;1970;11470;0;;1
6141100395;20150204T000000;240000;2;1.0;870;6552;1.0;0;0;3;6;870;0;1947;0;98133;477.188;-122.353;1500;6678;0;;0
2690600005;20141001T000000;162500;2;1.0;760;6141;1.0;0;0;2;6;760;0;1920;0;98118;475.469;-122.277;900;4120;0;;1
1189000205;20150311T000000;400000;2;2.5;1170;1811;2.0;0;0;3;8;1170;0;2001;0;98122;476.132;-122.297;1250;3146;0;;0
98020480;20140828T000000;885000;4;2.5;4090;11225;2.0;0;0;3;10;4090;0;2005;0;98075;47.581;-121.971;3510;8762;0;;1
2525059127;20141118T000000;445000;4;2.0;1700;21780;1.0;0;0;4;6;1080;620;1940;0;98052;476.289;-122.108;2070;12054;0;;0
5253300320;20141103T000000;395000;4;1.75;1950;10219;1.0;0;0;3;7;1950;0;1962;0;98133;477.492;-122.336;1500;9099;0;;1
7215730410;20140825T000000;727000;4;3.0;3150;9703;2.0;0;0;3;9;3150;0;2001;0;98075;475.962;-122.018;3150;8819;0;;1
2616800600;20140530T000000;840000;7;4.5;4290;37607;1.5;0;0;5;10;4290;0;1982;0;98027;474.812;-122.033;2810;40510;0;;0
2493200435;20140825T000000;360000;2;2.0;1180;3200;1.0;0;1;4;6;590;590;1945;0;98136;475.275;-122.383;1350;4000;0;;1
7570050070;20150205T000000;419900;5;3.5;2880;5000;2.0;0;0;3;8;2260;620;2012;0;98038;473.455;-122.023;2590;4800;0;;0
3905090410;20150123T000000;760000;4;2.5;3120;8792;2.0;0;0;4;9;3120;0;1992;0;98029;475.699;-121.993;2150;7688;0;;1
8562740530;20140512T000000;788000;4;3.25;3680;5759;2.0;0;0;3;9;2840;840;2003;0;98027;475.367;-122.067;3620;6006;0;;0
7853270630;20150120T000000;544000;4;2.5;2340;6973;2.0;0;0;3;8;1930;410;2005;0;98065;475.451;-121.882;2950;6908;0;;1
3023069166;20140708T000000;1,14E+11;5;4.0;7320;217800;2.0;0;0;3;11;7320;0;1992;0;98058;474.473;-122.086;3270;34500;0;;1
6117500430;20140819T000000;925000;5;3.5;4050;13495;1.0;0;2;4;9;2230;1820;1988;0;98166;474.384;-122.352;3210;13495;0;;0
4140900050;20150126T000000;440000;4;1.75;2180;10200;1.0;0;2;3;8;2000;180;1966;0;98028;477.638;-122.27;2590;10445;0;;1
418000310;20140514T000000;155000;2;1.0;700;5200;1.0;0;0;5;6;700;0;1952;0;98056;474.924;-122.175;1030;5200;0;;0
6414100721;20150416T000000;407500;2;1.0;770;6017;1.0;0;0;3;7;770;0;1950;0;98125;477.223;-122.321;1670;7500;0;;1
1328330290;20140729T000000;328000;3;1.75;1990;7194;1.0;0;0;4;8;1400;590;1978;0;98058;474.417;-122.135;1820;7400;0;3.0;0
3876200060;20140502T000000;382500;4;1.75;1560;8700;1.0;0;0;4;7;1560;0;1967;0;98034;477.274;-122.181;2080;8000;0;;1
1223039290;20140905T000000;403950;4;2.5;2120;13780;2.0;0;0;3;8;2120;0;1993;0;98146;474.987;-122.365;1880;12000;0;;1
1770000490;20140522T000000;356000;3;1.75;1060;16470;1.0;0;0;3;7;1060;0;1977;0;98072;477.409;-122.089;1790;16748;0;3.0;0
6117500955;20150204T000000;445500;4;1.5;2210;10497;1.0;0;0;4;8;1650;560;1953;0;98166;474.321;-122.347;1840;12697;0;;1
2144800117;20140626T000000;270000;4;2.25;2600;9900;1.0;0;0;3;7;1600;1000;1965;0;98178;474.881;-122.237;1770;11250;0;;0
1471701170;20140611T000000;335000;4;2.25;2030;13500;1.0;0;0;3;7;1230;800;1963;0;98059;474.596;-122.066;1830;13800;0;;1
3304300380;20150108T000000;600000;5;2.75;3380;8179;2.0;0;0;3;9;3380;0;2011;0;98059;474.827;-122.135;2840;8179;0;;0
2624079028;20141027T000000;997950;4;3.5;4270;117176;2.0;0;0;3;9;4270;0;2008;0;98024;475.352;-121.883;2610;5251;0;;1
40001065;20140529T000000;250000;2;1.0;1110;26051;1.0;0;0;3;6;1110;0;1951;0;98168;474.711;-122.291;2240;12255;0;;1
6793300010;20141215T000000;705000;4;2.75;3000;6222;2.0;0;0;3;9;3000;0;2004;0;98029;475.582;-122.025;3340;7222;0;;0
5078400160;20140605T000000;1.8e+006;5;4.5;4400;15580;2.0;0;0;3;11;3390;1010;2003;0;98004;476.232;-122.207;2150;14249;0;;1
6979900360;20140709T000000;635000;4;2.5;3080;35430;2.0;0;0;3;9;3080;0;1997;0;98053;476.325;-121.97;2640;28972;0;;0
2771603940;20150109T000000;640000;2;1.0;1360;5000;1.0;0;0;3;7;1200;160;1936;0;98199;476.372;-122.392;1540;4000;0;;1
2998800110;20150325T000000;1,35E+09;4;3.25;3440;4920;2.0;0;4;3;10;2520;920;2014;0;98116;475.727;-122.409;2350;5166;0;;0
4139910180;20150114T000000;1,48E+09;5;4.0;4770;31570;2.0;0;0;3;12;4770;0;1990;0;98006;475.468;-122.123;4520;32070;0;;1
4444800045;20150420T000000;657500;4;1.75;1620;7560;1.0;0;3;4;7;1380;240;1947;0;98117;476.981;-122.4;2170;8650;0;;1
3127200021;20140616T000000;850000;4;3.5;4140;7089;2.0;0;0;3;10;3160;980;2003;0;98034;477.059;-122.2;2640;8896;0;;0
1425069071;20150323T000000;875000;4;2.5;3230;256132;2.0;0;0;3;9;3230;0;2006;0;98053;476.544;-121.998;3080;217800;0;;1
3797001702;20141216T000000;1,07E+09;5;3.5;2920;3000;2.0;0;0;3;9;2260;660;2014;0;98103;476.846;-122.349;1580;4000;0;;0
6072100790;20150408T000000;648000;5;2.25;2410;12000;2.0;0;0;4;8;2410;0;1973;0;98006;475.434;-122.175;2080;12000;0;;1
6749700006;20140715T000000;306000;2;1.5;1090;1183;3.0;0;0;3;8;1090;0;2008;0;98103;476.974;-122.349;1110;1384;0;;0
3213200180;20150505T000000;700180;2;1.75;1530;4387;1.0;0;0;3;8;1020;510;1952;0;98115;476.726;-122.264;1870;5029;0;;1
5100403882;20150427T000000;967000;3;2.5;3100;7250;2.0;0;0;3;9;3100;0;2010;0;98115;476.961;-122.316;1240;6670;0;3.0;1
6788201440;20150407T000000;855000;5;1.5;1930;4500;1.5;0;0;3;8;1930;0;1929;0;98112;476.401;-122.303;2083;4500;0;;0
11510310;20140905T000000;835000;4;2.75;3130;13412;2.0;0;0;3;9;2140;990;1993;0;98052;476.993;-122.102;2260;9984;0;;1
7708200180;20140710T000000;535000;5;3.25;2850;4551;2.0;0;0;3;8;2370;480;2006;0;98059;474.916;-122.144;2850;4849;0;;0
7503000020;20140507T000000;415000;4;3.0;1830;9548;2.0;0;0;3;7;1830;0;1991;0;98028;477.379;-122.224;1740;9750;0;;1
926069142;20141124T000000;480000;4;2.5;2870;35757;2.0;0;0;4;9;2870;0;1977;0;98077;477.568;-122.05;2700;41221;0;;0
318300040;20140923T000000;649000;5;3.25;3990;13087;2.0;0;0;3;9;2400;1590;1991;0;98042;473.632;-122.061;2580;13633;0;;1
1774230090;20140613T000000;697000;4;2.75;3650;48351;1.5;0;0;4;8;3650;0;1978;0;98077;477.632;-122.089;2820;53143;0;;1
7787920160;20150427T000000;472000;3;2.5;2570;7412;2.0;0;0;3;8;2570;0;2006;0;98019;477.265;-121.957;2890;8056;0;3.0;0
2771104830;20140611T000000;800000;4;3.75;2690;4000;2.0;0;3;4;9;2120;570;1909;1989;98119;476.418;-122.372;2830;4000;0;;1
1562100220;20150501T000000;605000;6;2.0;2610;9132;1.0;0;0;4;8;1320;1290;1965;0;98007;47.622;-122.14;2170;8000;0;;0
5135000050;20140801T000000;960000;4;2.5;2820;5934;1.0;0;3;5;9;1770;1050;1952;0;98116;475.706;-122.403;2230;6000;0;;1
1622069127;20141118T000000;525000;5;3.25;3960;321908;2.0;0;0;4;9;2690;1270;1989;0;98038;473.984;-122.055;2360;96703;0;;0
1224049080;20140620T000000;925000;4;2.0;3140;10437;1.0;0;0;4;8;2040;1100;1959;0;98040;475.786;-122.229;2010;10437;0;;1
809002680;20141014T000000;1.44e+006;4;1.75;2410;6000;1.5;0;0;3;8;2410;0;1911;0;98109;476.369;-122.355;1280;4000;0;;1
4139660430;20150505T000000;1,20E+11;5;3.0;3640;28531;2.0;0;0;3;10;3640;0;1996;0;98006;475.502;-122.13;3330;17186;0;;0
1338800785;20150306T000000;1,23E+09;4;3.0;2660;4600;1.5;0;0;3;8;1820;840;1906;2002;98112;476.258;-122.305;2350;4600;0;;1
9520900210;20141231T000000;614285;5;2.75;2730;6401;2.0;0;0;3;8;2730;0;2015;0;98072;477.685;-122.16;2520;6126;0;;0
2464400280;20150504T000000;710000;4;3.5;2850;2910;2.0;0;2;3;8;1970;880;1905;1996;98115;476.855;-122.321;1460;3880;0;;1
2326600130;20150225T000000;895900;4;3.5;3640;4983;2.0;0;3;3;9;2790;850;2014;0;98075;475.619;-122.027;3270;14700;0;;0
826069002;20141029T000000;355000;3;1.0;1350;368517;1.0;0;0;3;6;1350;0;1947;0;98077;477.617;-122.061;2330;104108;0;3.0;1
2731600080;20150422T000000;454000;5;2.25;2550;9200;1.0;0;0;4;8;1580;970;1975;0;98166;474.673;-122.363;2090;9200;0;;1
4022900150;20141209T000000;600000;4;2.5;2520;10850;1.0;0;0;4;8;1680;840;1968;0;98155;477.751;-122.284;2590;10800;0;;0
7526800200;20141010T000000;615000;4;2.25;2500;10062;1.0;0;0;3;8;1600;900;1975;0;98052;47.639;-122.1;2500;9750;0;;1
1823069059;20140611T000000;355000;1;1.75;750;20339;1.0;0;0;4;4;550;200;1946;0;98059;474.756;-122.09;2020;23958;0;;0
3226059128;20140618T000000;850000;5;3.5;3450;28324;1.0;0;0;5;8;2350;1100;1972;0;98033;476.991;-122.196;2640;14978;0;;1
1438000130;20140703T000000;519995;4;3.0;2590;6160;2.0;0;0;3;8;2590;0;2014;0;98059;474.784;-122.122;2670;5600;0;;0
2115200125;20140919T000000;384000;4;1.75;2100;7135;1.0;0;0;4;7;1050;1050;1955;0;98106;475.353;-122.349;1730;4000;0;;1
7010700580;20150303T000000;585000;2;2.0;1370;7920;1.0;0;0;3;8;950;420;1949;0;98199;476.589;-122.397;1370;4680;0;;1
7504010560;20140509T000000;920000;4;3.0;3750;11025;2.0;0;0;3;10;3750;0;1976;0;98074;476.367;-122.059;2930;12835;0;;0
8635751120;20140519T000000;611000;4;2.5;2460;4200;2.0;0;0;3;8;2460;0;1998;0;98074;476.031;-122.021;2330;4200;0;;1
8947250060;20150326T000000;292500;4;2.5;1610;4568;2.0;0;0;3;7;1610;0;2006;0;98001;473.351;-122.289;1834;4604;0;;0
2024059058;20150428T000000;978000;4;2.75;2890;7821;2.0;0;0;3;9;2890;0;2014;0;98006;47.554;-122.189;2890;10108;0;;1
3179101580;20140528T000000;1.21e+006;4;2.75;3650;6982;2.0;0;2;4;9;2530;1120;1951;2003;98115;476.756;-122.275;3140;7894;0;;0
1541700170;20140609T000000;307550;4;2.5;1980;5909;2.0;0;0;3;8;1980;0;2003;0;98031;473.913;-122.185;2550;5487;0;;1
7200080;20141104T000000;239000;4;2.0;1980;10585;1.5;0;0;2;6;1980;0;1924;0;98055;474.836;-122.214;1360;7810;0;;1
3824100246;20141021T000000;460000;4;2.75;2200;9676;1.0;0;0;3;8;1500;700;1979;0;98028;477.713;-122.259;2120;9585;0;;0
3524039224;20140513T000000;870000;3;2.5;3520;6773;2.5;0;0;3;9;2650;870;2006;0;98136;475.317;-122.391;2930;6458;0;3.0;1
3298300130;20150206T000000;474905;4;1.5;1340;6200;1.0;0;0;5;6;1340;0;1959;0;98008;476.214;-122.119;1210;7178;0;;0
4022907770;20141014T000000;550000;4;1.75;2480;14782;1.0;0;3;3;8;1460;1020;1958;0;98155;477.646;-122.271;2910;10800;0;;1
2770605175;20150227T000000;620047;4;1.75;1760;6000;1.0;0;0;3;7;880;880;1946;0;98119;476.508;-122.373;2040;6000;0;;0
5226500250;20141015T000000;478000;3;2.5;2780;7290;2.0;0;0;3;8;2780;0;1989;0;98059;47.509;-122.157;2450;7738;0;3.0;1
1566100555;20150501T000000;721000;4;2.0;2280;8339;1.0;0;0;4;7;1220;1060;1954;0;98115;476.986;-122.297;1970;8340;0;;1
2436700625;20150417T000000;590000;2;2.5;1450;1281;2.0;0;0;3;8;1220;230;2006;0;98105;47.665;-122.285;1440;1281;0;;0
321030010;20141015T000000;310000;4;2.5;2310;7384;2.0;0;0;3;8;2310;0;2010;0;98042;473.737;-122.165;2310;7800;0;;1
5515600163;20140916T000000;420000;5;2.25;3070;64033;1.0;0;0;3;9;2730;340;1983;0;98001;473.238;-122.292;1560;28260;0;;0
6152900402;20140619T000000;410000;6;2.75;2520;9324;1.0;0;0;4;7;1320;1200;1962;0;98155;477.636;-122.294;1820;11000;0;;1
1760650210;20141201T000000;286950;3;2.5;1610;4052;2.0;0;0;3;7;1610;0;2013;0;98042;473.603;-122.081;2110;4034;0;3.0;0
7300400670;20140729T000000;277000;4;2.5;1850;5880;2.0;0;0;3;8;1850;0;1998;0;98092;473.322;-122.173;2370;6500;0;;1
3179101050;20140804T000000;672324;2;1.75;1600;5795;1.5;0;0;3;8;1600;0;1940;0;98105;476.709;-122.276;2310;6301;0;;1
312000265;20150504T000000;375000;2;1.0;790;5120;1.0;0;0;3;6;790;0;1950;0;98136;47.557;-122.395;1250;5120;0;;0
3423600025;20150305T000000;825050;4;3.25;2860;3680;2.0;0;0;3;9;1980;880;1925;1993;98115;476.752;-122.3;2010;3680;0;;1
6882510020;20140715T000000;340000;4;1.75;1800;5210;1.0;0;0;5;7;1080;720;1979;0;98118;475.298;-122.28;1870;5365;0;;0
5556300098;20140612T000000;1.24e+006;5;4.0;4410;14380;2.0;0;0;3;11;4410;0;2006;0;98052;476.463;-122.121;2720;11454;0;;1
2214800730;20140905T000000;287500;4;2.5;2240;6944;1.0;0;2;3;7;1310;930;1979;0;98001;47.338;-122.258;1780;7477;0;;0
2770604615;20141121T000000;735000;4;2.0;1640;6000;1.5;0;0;4;9;1640;0;1911;0;98119;476.505;-122.375;1900;6000;0;;1
8682301050;20141202T000000;705000;2;2.5;2300;6400;1.0;0;0;3;8;2300;0;2007;0;98053;477.196;-122.02;2300;6400;0;;1
2481610050;20141124T000000;905000;4;3.0;3370;47959;2.0;0;0;4;10;3370;0;1981;0;98072;47.733;-122.129;3370;38896;0;;0
8091410390;20150217T000000;220000;4;1.75;1910;8171;1.0;0;0;3;7;1910;0;1986;0;98030;47.35;-122.168;1910;7542;0;;1
5418650080;20140814T000000;900000;4;2.5;3690;11468;2.0;0;0;3;11;3690;0;1987;0;98027;475.699;-122.092;3370;10751;0;;0
9477940440;20140617T000000;465950;4;2.5;2340;6896;2.0;0;0;3;7;2340;0;2001;0;98059;474.896;-122.14;2950;6775;0;;1
3221069035;20140620T000000;400000;4;1.75;2670;189486;2.0;0;4;3;8;2670;0;1972;0;98092;472.585;-122.061;2190;218610;0;;0
1562100030;20140910T000000;515000;4;1.75;1730;7980;1.0;0;0;4;8;1730;0;1965;0;98007;476.219;-122.138;2080;8400;0;;1
2826049091;20140929T000000;259950;2;1.0;790;8100;1.0;0;0;3;6;790;0;1947;0;98125;477.159;-122.305;1420;8100;0;;1
2600400030;20140724T000000;790000;4;2.75;2640;9000;2.0;0;0;3;10;2640;0;1990;0;98052;476.481;-122.125;2980;9137;0;;0
6139100101;20150505T000000;405100;4;2.0;1580;7300;1.0;0;0;4;7;1580;0;1955;0;98155;477.598;-122.328;1180;9450;0;;1
1926059099;20141208T000000;708000;5;3.25;3060;11778;2.0;0;0;3;8;3060;0;2004;0;98034;477.212;-122.222;1840;10403;0;;0
1088020070;20141216T000000;645000;4;2.25;2070;8720;1.0;0;0;5;8;1360;710;1974;0;98033;476.678;-122.182;2180;8510;0;;1
4141400100;20150120T000000;545000;4;2.25;2050;9720;2.0;0;0;3;8;2050;0;1967;0;98008;475.911;-122.119;2310;9680;0;;0
4038700680;20140725T000000;750000;3;3.0;2230;8560;1.0;0;0;3;8;1150;1080;1960;2014;98008;476.154;-122.115;2040;8560;0;3.0;1
1522059120;20140709T000000;409124;5;3.25;3320;11340;2.0;0;0;4;8;2480;840;1999;0;98042;473.904;-122.154;2330;8339;0;;1
6145600557;20140509T000000;212000;2;1.5;1020;1525;2.0;0;0;3;7;1020;0;2004;0;98133;47.704;-122.347;1020;3844;0;;0
1787250210;20141222T000000;379000;4;2.75;2410;5225;2.0;0;0;3;8;2410;0;2001;0;98058;474.244;-122.151;2300;5378;0;;1
7853250090;20140929T000000;681000;4;2.5;3860;5130;2.0;0;0;3;8;2930;930;2004;0;98065;475.387;-121.879;3130;6163;0;;0
4219400580;20140612T000000;1,69E+09;4;2.5;3000;7500;2.0;0;0;3;9;3000;0;1937;1994;98105;476.571;-122.277;2580;5000;0;;1
4139480200;20141209T000000;1.4e+006;4;3.25;4290;12103;1.0;0;3;3;11;2690;1600;1997;0;98006;475.503;-122.102;3860;11244;0;;0
1072010510;20150210T000000;435000;4;2.25;2210;14073;1.0;0;0;3;8;1630;580;1978;0;98059;474.774;-122.142;2340;11340;0;;1
2660500095;20150506T000000;715000;4;1.0;1710;6050;1.5;0;0;3;7;1410;300;1913;0;98118;475.569;-122.288;1560;4950;0;;1
1221000395;20140507T000000;250000;1;1.0;1100;4373;1.0;0;0;2;6;820;280;1947;0;98166;474.653;-122.338;1100;7500;0;;0
822039004;20140613T000000;849900;2;2.0;2280;641203;2.0;0;0;3;9;2280;0;1990;0;98070;474.125;-122.455;2030;224334;0;;1
1246700103;20150423T000000;725000;4;2.5;2700;25870;2.0;0;0;4;8;2700;0;1992;0;98033;476.934;-122.161;1540;20720;0;;0
622059019;20140919T000000;220000;5;1.5;1830;94960;1.5;0;0;3;7;1830;0;1929;0;98031;474.218;-122.218;1440;16365;0;;1
3211100240;20140529T000000;349000;4;1.75;1700;7800;1.0;0;0;5;7;1120;580;1981;0;98059;474.801;-122.158;1560;7800;0;;0
3812400107;20150330T000000;378500;3;2.0;1830;6000;1.0;0;0;5;7;1070;760;1953;0;98118;475.453;-122.279;1830;5500;0;3.0;1
1839500055;20141114T000000;530000;4;2.5;2590;7891;2.0;0;0;3;9;2590;0;2006;0;98056;475.055;-122.194;1400;7891;0;;1
9542800610;20150219T000000;245000;4;2.25;2050;7700;2.0;0;0;3;7;2050;0;1977;0;98023;473.009;-122.375;1780;7700;0;;0
3905100380;20150421T000000;535000;4;2.25;1860;3766;2.0;0;0;3;8;1860;0;1995;0;98029;475.699;-122.006;1860;4169;0;;1
3630120050;20140625T000000;565000;2;1.75;1670;4008;1.0;0;0;3;9;1670;0;2005;0;98029;475.539;-122.001;2330;3752;0;;0
5468770250;20140819T000000;303000;4;2.5;2100;6783;2.0;0;0;3;8;2100;0;2003;0;98042;473.504;-122.141;2100;6192;0;;1
5460500040;20150421T000000;1,30E+09;5;4.0;4440;9270;1.0;0;0;5;10;2220;2220;1968;0;98040;475.708;-122.212;2720;9614;0;;0
7349620030;20140722T000000;272000;4;2.25;2115;6234;2.0;0;0;3;7;2115;0;1998;0;98002;47.285;-122.201;2440;6366;0;;1
8128700005;20141119T000000;249000;4;1.0;1200;7552;1.0;0;0;3;6;1060;140;1919;0;98126;475.317;-122.37;1580;7680;0;;1
2123700015;20150512T000000;228800;4;2.5;1470;1612;2.0;0;0;3;7;980;490;2003;0;98118;475.275;-122.271;1460;5027;0;;0
9238500190;20141202T000000;440000;4;2.25;2600;28600;1.0;0;0;3;8;1810;790;1968;0;98072;477.757;-122.139;2580;26950;0;;1
2856102105;20140610T000000;1,06E+10;5;3.25;3230;3825;2.0;0;0;3;9;2480;750;2014;0;98117;476.785;-122.392;1480;5100;0;;0
3861470110;20140623T000000;2,08E+09;4;3.5;4230;20377;2.0;0;0;3;11;4230;0;1997;0;98004;475.954;-122.206;3980;20489;0;;1
3971701300;20141220T000000;255000;2;1.0;1360;9367;1.0;0;0;4;6;680;680;1924;0;98155;477.689;-122.315;1360;7543;0;;0
8698100170;20150211T000000;111300;2;1.0;1060;6000;1.0;0;0;4;5;1060;0;1908;0;98002;473.066;-122.223;940;6000;0;;1
98030400;20140711T000000;790000;4;3.5;3560;6098;2.0;0;0;3;10;3560;0;2006;0;98075;475.828;-121.972;3660;6846;0;;1
1024049024;20141203T000000;1,74E+09;5;3.5;4870;7700;2.5;0;3;5;10;3650;1220;1929;0;98144;475.832;-122.29;3220;7700;0;;0
4232401265;20141020T000000;1,11E+11;5;3.5;3090;3600;2.0;0;0;3;9;2060;1030;2000;0;98112;476.217;-122.309;2240;3904;0;;1
5490700085;20140911T000000;340000;5;2.0;1750;8220;1.0;0;0;3;7;1750;0;1956;0;98155;477.694;-122.321;1210;6760;0;;0
7443000652;20141103T000000;365000;2;1.5;790;1123;2.0;0;0;3;8;700;90;2003;0;98119;47.651;-122.368;1370;1281;0;;1
5255690100;20150421T000000;480000;4;2.5;2700;9700;1.0;0;0;3;8;1670;1030;1978;0;98011;477.752;-122.198;2470;9228;0;;0
795000820;20150406T000000;220000;2;1.0;840;9000;1.0;0;0;5;6;840;0;1951;0;98168;475.033;-122.329;1350;10400;0;;1
6669080020;20141226T000000;449400;4;3.0;2490;5064;2.0;0;0;3;7;2490;0;2007;0;98056;475.139;-122.189;2470;5064;0;;1
293610040;20150210T000000;600000;4;2.75;2950;5803;2.0;0;0;3;9;2950;0;2007;0;98028;477.368;-122.231;2940;5803;0;;0
9541600015;20150211T000000;660000;4;2.25;2010;15375;1.0;0;0;4;8;2010;0;1957;0;98005;475.956;-122.174;1930;15375;0;;1
1233100601;20141024T000000;360000;2;1.0;840;7414;1.0;0;0;4;6;840;0;1928;0;98033;476.771;-122.172;1740;9784;0;;0
421000285;20150423T000000;268000;4;1.5;1730;7020;1.5;0;0;4;5;1730;0;1953;0;98056;474.939;-122.167;1110;7020;0;;1
9136103130;20150512T000000;685000;2;1.5;1090;4013;1.5;0;0;3;7;1090;0;1900;0;98103;476.652;-122.338;1390;4013;0;;0
3885804260;20141024T000000;1,38E+09;4;3.5;3500;9523;2.0;0;0;3;10;2460;1040;1996;0;98033;476.848;-122.208;3160;5997;0;;1
1442880160;20140627T000000;483453;4;2.75;2790;5527;2.0;0;0;3;8;2790;0;2014;0;98045;474.827;-121.773;2620;5509;0;;1
6071800100;20150327T000000;815000;6;3.0;2860;17853;1.0;0;0;3;8;1430;1430;1962;2015;98006;47.546;-122.175;1920;13452;0;;0
424049284;20141016T000000;310000;1;1.5;1120;912;3.0;0;0;3;7;1120;0;2011;0;98144;475.924;-122.299;1380;3200;0;;1
9578060540;20140614T000000;525000;4;2.75;2360;4924;2.0;0;0;3;8;2360;0;2008;0;98028;477.737;-122.235;2360;4670;0;;0
7856400300;20140702T000000;1,41E+10;2;2.5;3180;9400;2.0;0;4;5;10;2610;570;1985;0;98006;475.617;-122.158;3760;9450;0;;1
526059122;20141205T000000;495200;5;2.25;2710;22120;1.0;0;0;3;7;1410;1300;1955;0;98011;477.642;-122.195;2850;12224;0;;0
6003500749;20140701T000000;640000;3;2.25;1540;965;3.0;0;0;3;9;1540;0;2007;0;98122;476.181;-122.318;1410;964;0;3.0;1
2425049107;20150305T000000;1.95e+006;4;3.75;4150;17424;1.0;0;0;3;9;3130;1020;1963;2000;98039;47.639;-122.236;3930;21420;0;;1
1888120140;20140709T000000;989000;5;4.5;4030;13474;2.0;0;0;3;11;4030;0;2000;0;98075;475.812;-121.995;3860;12438;0;;0
259800060;20140606T000000;445000;4;2.0;1470;8395;1.0;0;0;4;7;1470;0;1965;0;98008;47.631;-122.117;1760;7976;0;;1
9264920270;20141007T000000;353950;5;2.25;3260;7969;2.0;0;0;4;8;3260;0;1982;0;98023;47.314;-122.344;2070;7962;0;;0
9533100285;20140630T000000;2,07E+09;4;3.75;4350;7965;2.0;0;0;3;10;4350;0;2013;0;98004;476.289;-122.205;2190;8557;0;;1
8576400050;20140509T000000;431000;4;2.25;2170;10500;1.0;0;2;4;8;1270;900;1960;0;98166;474.394;-122.338;2080;11019;0;;0
5101404444;20150414T000000;564000;5;2.25;2140;8700;1.0;0;2;3;8;1220;920;1962;0;98115;476.969;-122.31;1720;6670;0;;1
5700000180;20141208T000000;760000;5;2.0;3920;5250;1.5;0;0;5;7;2560;1360;1910;0;98144;475.798;-122.294;1830;4240;0;;1
4054530210;20150218T000000;896000;4;2.5;3560;46644;2.0;0;0;3;11;3560;0;1992;0;98077;477.268;-122.05;3520;50261;0;;0
2558700220;20140721T000000;503000;4;2.75;2100;7350;1.0;0;0;5;7;1240;860;1978;0;98034;477.194;-122.172;2490;7350;0;;1
7749500370;20141021T000000;225000;4;2.25;1800;9350;1.0;0;0;3;8;1800;0;1969;0;98092;472.959;-122.191;2060;8800;0;;0
5318100840;20140606T000000;1.28e+006;4;3.5;3010;3600;2.0;0;0;3;9;2370;640;1999;0;98112;476.341;-122.284;2650;4200;0;;1
8731980440;20141016T000000;355000;5;2.5;2344;8000;1.0;0;0;4;8;1560;784;1976;0;98023;473.185;-122.377;2344;8000;0;;0
5104530810;20140620T000000;371000;4;2.5;2550;4770;2.0;0;0;3;8;2550;0;2005;0;98038;473.526;-122.0;2380;4590;0;;1
5126210360;20141022T000000;570000;4;2.5;3420;115434;2.0;0;0;3;9;3420;0;1989;0;98038;473.932;-121.988;3250;111513;0;;1
1331900410;20140620T000000;869000;4;3.0;3740;30884;2.0;0;0;3;9;3060;680;1988;0;98072;477.505;-122.117;3240;37031;0;;0
3905100310;20140625T000000;544000;4;2.5;2030;3974;2.0;0;0;3;8;2030;0;1994;0;98029;475.692;-122.006;1780;3953;0;;1
4139420640;20141030T000000;1,79E+09;4;3.5;5490;14300;1.0;0;4;3;12;2910;2580;1996;0;98006;475.511;-122.114;4290;13822;0;;0
7131300063;20150429T000000;350000;4;1.75;2140;4959;1.0;0;0;3;7;1080;1060;1965;0;98118;475.166;-122.266;1590;5250;0;;1
8018600870;20141006T000000;224000;2;1.0;1150;15000;1.0;0;0;3;6;1060;90;1930;2013;98168;474.935;-122.316;1350;15000;0;;0
5460900120;20141208T000000;989900;5;2.25;3320;11350;1.0;0;0;5;8;1660;1660;1963;0;98040;475.749;-122.213;3320;11085;0;;1
1001200050;20140923T000000;259000;4;1.5;1260;7248;1.5;0;0;5;7;1260;0;1955;0;98188;47.433;-122.292;1300;7732;0;;1
3024079069;20140911T000000;371000;4;1.0;1960;94525;1.5;0;0;3;6;1960;0;1979;0;98027;475.418;-121.962;2430;188564;0;;0
5393600562;20140522T000000;430000;2;2.5;1520;1588;2.0;0;0;3;8;1240;280;2007;0;98144;475.825;-122.313;1660;6000;0;;1
6899990230;20140701T000000;600000;2;2.5;2510;14878;2.0;0;0;3;10;2510;0;1990;0;98011;477.525;-122.205;3080;13594;0;;0
7224000950;20141103T000000;238950;2;1.0;810;4838;1.0;0;0;3;5;810;0;1938;0;98055;474.909;-122.203;890;4838;0;;1
3574770030;20140828T000000;564950;4;2.75;2990;4521;2.0;0;0;3;7;2990;0;2014;0;98028;477.401;-122.226;2580;7539;0;;0
2579500181;20150407T000000;1.33e+006;4;3.5;3440;9776;2.0;0;0;3;10;3440;0;2006;0;98040;475.374;-122.216;2400;11000;0;;1
3845101100;20150121T000000;392440;4;2.5;2547;4800;2.0;0;0;3;9;2547;0;2014;0;98092;472.592;-122.194;2598;4800;0;;1
7950302210;20141114T000000;358000;4;2.0;2200;3060;1.0;0;0;3;7;1100;1100;1908;2000;98118;47.565;-122.284;1410;5100;0;;0
7237450030;20141014T000000;419354;5;2.75;2710;4500;2.0;0;0;3;8;2710;0;2014;0;98038;473.547;-122.062;2710;4626;0;;1
1438700040;20140825T000000;1,32E+11;5;2.75;2410;19447;2.0;0;2;3;10;2290;120;1968;0;98040;475.549;-122.211;2980;19447;0;;0
6790830090;20150415T000000;1.06e+006;4;3.5;4220;8417;3.0;0;0;3;10;4220;0;2012;0;98075;475.869;-122.054;3730;8435;0;;1
1125069102;20150427T000000;1.25e+006;4;3.0;3310;217800;1.5;0;0;3;9;3310;0;1989;0;98053;476.616;-121.999;2810;217800;0;;0
8924100370;20140915T000000;1,21E+09;4;3.5;3590;5335;2.0;0;2;3;9;3140;450;2006;0;98115;476.762;-122.267;2100;6250;0;;1
8085400490;20140801T000000;1,31E+09;5;2.5;2770;8100;2.0;0;0;3;9;2770;0;2002;0;98004;476.341;-122.208;2070;8100;0;;1
422069067;20150512T000000;276500;4;2.25;2380;128937;1.0;0;0;4;7;2380;0;1960;0;98038;474.253;-122.043;1030;114998;0;;0
325059126;20150209T000000;565000;4;1.0;2170;12100;1.0;0;0;5;7;2170;0;1961;0;98033;476.893;-122.164;1270;12844;0;;1
9533600100;20141208T000000;1,32E+09;4;3.0;2860;10292;1.0;0;0;4;8;2860;0;1953;1999;98004;476.286;-122.206;1840;10273;0;;0
2303900045;20140623T000000;1.58e+006;4;2.5;4570;74487;2.0;0;4;5;12;4570;0;1948;1985;98177;477.282;-122.372;3810;74487;0;;1
9432900070;20140902T000000;338150;4;2.25;2700;8580;2.0;0;0;3;8;2700;0;1992;0;98022;472.087;-122.009;2420;8580;0;;0
5450900060;20140923T000000;1,48E+10;5;2.5;4570;19252;2.0;0;0;5;10;4570;0;1965;0;98040;475.553;-122.22;3180;13314;0;;1
723069135;20140915T000000;499000;2;1.75;2040;114562;1.0;0;0;4;7;2040;0;1968;0;98027;474.985;-122.092;1850;94960;0;;1
9286000110;20140814T000000;1,36E+09;5;3.75;4960;13990;2.0;0;2;3;11;3760;1200;2001;0;98006;475.491;-122.137;5200;18116;0;;0
5285200020;20140718T000000;349950;3;1.75;1640;4176;1.0;0;0;4;7;1040;600;1948;0;98118;475.162;-122.26;1460;5200;0;3.0;1
6067910030;20150316T000000;664000;4;2.75;2510;11880;1.0;0;0;5;8;1630;880;1978;0;98006;475.427;-122.181;2390;11211;0;;0
7640400250;20140619T000000;506000;2;1.0;1570;8210;1.0;0;0;4;8;1150;420;1952;0;98177;477.221;-122.371;1680;8196;0;;1
6065301040;20140814T000000;1,17E+09;5;2.75;2910;15118;1.0;0;0;5;9;1780;1130;1972;0;98006;475.696;-122.183;2880;15253;0;;0
2207100405;20150506T000000;423000;4;1.75;1730;7245;1.0;0;0;4;7;880;850;1955;0;98007;475.995;-122.144;1550;7245;0;;1
126039323;20150224T000000;417500;5;1.75;2060;10911;1.0;0;0;4;7;1360;700;1954;0;98177;477.767;-122.365;2060;9688;0;;1
7967650010;20150210T000000;339000;4;2.5;2900;6918;2.0;0;0;3;8;2900;0;2001;0;98001;473.504;-122.284;2720;10376;0;;0
